"year","abbrev_state","code_muni","code_immediate","h3_res","h3_address","F001_A","F001_B","dif_F001","T001_A","T001_B","dif_T001"
2023,"RJ",3304557,3301,2,"82a8a7fffffffff",740120,185030,555090,13992200,3498050,10494150
2013,"RJ",3304557,3301,2,"82a8a7fffffffff",724172,181043,543129,13813304,3453326,10359978
2023,"RJ",3300308,3302,2,"82a8a7fffffffff",61188,15297,45891,828688,207172,621516
2013,"RJ",3300308,3302,2,"82a8a7fffffffff",58200,14550,43650,854304,213576,640728
2023,"RJ",3303906,3303,2,"82a8a7fffffffff",54380,13595,40785,595288,148822,446466
2013,"RJ",3303906,3303,2,"82a8a7fffffffff",51376,12844,38532,592504,148126,444378
2023,"RJ",3300704,3305,2,"82a8a7fffffffff",48456,12114,36342,583248,145812,437436
2023,"RJ",3305505,3301,3,"83a8a2fffffffff",49644,16548,33096,698610,232870,465740
2023,"RJ",3303500,3301,3,"83a8a3fffffffff",46410,15470,30940,749745,249915,499830
2013,"RJ",3300704,3305,2,"82a8a7fffffffff",39488,9872,29616,439604,109901,329703
2013,"RJ",3304904,3301,3,"83a8a2fffffffff",44373,14791,29582,654846,218282,436564
2023,"RJ",3303906,3303,3,"83a8a3fffffffff",39321,13107,26214,437634,145878,291756
2013,"RJ",3303500,3301,3,"83a8a3fffffffff",38217,12739,25478,687066,229022,458044
2013,"RJ",3303906,3303,3,"83a8a3fffffffff",37335,12445,24890,436146,145382,290764
2023,"RJ",3300704,3305,3,"83a8a2fffffffff",36342,12114,24228,437436,145812,291624
2013,"RJ",3300704,3305,3,"83a8a2fffffffff",29616,9872,19744,329703,109901,219802
2023,"RJ",3303906,3303,4,"84a8a3dffffffff",28803,9601,19202,314838,104946,209892
2013,"RJ",3303906,3303,4,"84a8a3dffffffff",27432,9144,18288,303258,101086,202172
2013,"RJ",3302205,3304,2,"82a887fffffffff",20910,6970,13940,217428,72476,144952
2023,"RJ",3302205,3304,2,"82a887fffffffff",20004,6668,13336,239889,79963,159926
