"ano","h3_res","linhas_entrada","orig_media_s","novo_media_s","speedup","orig_linhas","novo_linhas","orig_F001","novo_F001","dif_F001_pct","orig_NA_addr","novo_NA_addr"
2013,2,10,2.69,0.0449999999999982,59.7777777777802,10,10,946331,242674,289.959781435176,0,0
2013,3,18,2.195,0.0300000000000011,73.1666666666639,18,18,403634,242673,66.3283513205013,0,0
2013,4,55,2.655,0.0400000000000027,66.3749999999955,55,54,303790,242670,25.1864672188569,0,0
2013,5,208,3.345,0.0550000000000033,60.8181818181782,203,200,253664,242647,4.540340494628,0,0
2013,6,691,6.28,0.109999999999999,57.0909090909094,582,581,242573,242321,0.103994288567644,12,12
2013,7,1621,11.16,0.210000000000001,53.1428571428569,1282,1283,241233,241197,0.0149255587756067,57,57
2013,8,4106,25.88,0.49499999999999,52.2828282828293,3160,3160,239015,239015,0,75,75
2013,9,10338,63.36,1.08000000000001,58.666666666666,6692,6692,230999,230999,0,89,89
2023,2,9,2.24499999999998,0.0500000000000114,44.8999999999893,9,9,967105,250863,285.511215284837,0,0
2023,3,17,2.34,0.0300000000000011,77.9999999999972,17,17,416990,250862,66.222863566423,0,0
2023,4,52,2.465,0.039999999999992,61.6250000000123,52,52,309701,250858,23.4566966172097,0,0
2023,5,204,3.34000000000003,0.0649999999999977,51.3846153846177,198,198,262497,250831,4.65094027452747,0,0
2023,6,686,6.09500000000003,0.125,48.7600000000002,593,593,250910,250569,0.136090258571491,15,15
2023,7,1646,11.205,0.204999999999984,54.65853658537,1345,1345,249614,249575,0.0156265651607733,56,56
2023,8,4311,26.205,0.490000000000009,53.4795918367337,3367,3367,247445,247445,0,73,73
2023,9,10968,65.42,1.19,54.9747899159665,7114,7114,239239,239239,0,88,88
