"year","h3_res","linhas_A","linhas_B","so_A","so_B","F001_diferem","T001_diferem","sum_F001_A","sum_F001_B","dif_sum_F001","dif_sum_F001_pct","max_abs_dif_F001"
2013,2,10,10,0,0,10,10,946331,242674,703657,289.959781435176,543129
2013,3,18,18,1,1,13,13,403634,242673,160961,66.3283513205013,29582
2013,4,55,54,2,1,29,29,303790,242670,61120,25.1864672188569,18288
2013,5,203,200,3,0,39,39,253664,242647,11017,4.540340494628,4498
2013,6,582,581,1,0,9,9,242573,242321,252,0.103994288567644,110
2013,7,1282,1283,0,1,11,11,241233,241197,36,0.0149255587756067,18
2013,8,3160,3160,0,0,18,18,239015,239015,0,0,4
2013,9,6692,6692,0,0,98,100,230999,230999,0,0,10
2023,2,9,9,0,0,9,9,967105,250863,716242,285.511215284837,555090
2023,3,17,17,0,0,13,13,416990,250862,166128,66.222863566423,33096
2023,4,52,52,0,0,26,26,309701,250858,58843,23.4566966172097,19202
2023,5,198,198,0,0,34,34,262497,250831,11666,4.65094027452747,4138
2023,6,593,593,0,0,6,6,250910,250569,341,0.136090258571491,190
2023,7,1345,1345,0,0,6,6,249614,249575,39,0.0156265651607733,17
2023,8,3367,3367,0,0,22,22,247445,247445,0,0,8
2023,9,7114,7114,1,1,90,90,239239,239239,0,0,8
