"ano","h3_res","linhas_entrada","linhas_saida","t_vizinhos_s","t_censura_s","t_total_s","share_censura"
2013,2,10,10,5.85,2.69,8.54,0.314988290398127
2013,3,18,18,0.0100000000000016,1.89,1.9,0.994736842105262
2013,4,55,55,0.0200000000000031,2.06,2.08000000000001,0.990384615384614
2013,5,208,203,0.00999999999999801,2.76,2.77,0.996389891696752
2013,6,691,582,0.0300000000000011,5.27999999999999,5.31,0.994350282485876
2013,7,1621,1282,0.0700000000000003,9.73,9.8,0.992857142857143
2013,8,4106,3160,0.119999999999997,21.79,21.91,0.994523048836148
2013,9,10338,6692,0.260000000000005,59.83,60.09,0.99567315693127
2023,2,9,9,0,1.84,1.84,1
2023,3,17,17,0.00999999999999091,1.88000000000002,1.89000000000001,0.994708994709
2023,4,52,52,0,1.95999999999998,1.95999999999998,1
2023,5,204,198,0.00999999999999091,2.73000000000002,2.74000000000001,0.996350364963507
2023,6,686,593,0.0300000000000011,5.30000000000001,5.33000000000001,0.99437148217636
2023,7,1646,1345,0.0500000000000114,10,10.05,0.995024875621889
2023,8,4311,3367,0.129999999999995,25.37,25.5,0.994901960784314
2023,9,10968,7114,0.419999999999987,61.55,61.97,0.993222527029208
